XXS,Region
000,Благоевград
001,Благоевград
002,Благоевград
003,Благоевград
004,Благоевград
005,Благоевград
006,Благоевград
007,Благоевград
008,Благоевград
009,Благоевград
010,Благоевград
011,Благоевград
012,Благоевград
013,Благоевград
014,Благоевград
015,Благоевград
016,Благоевград
017,Благоевград
018,Благоевград
019,Благоевград
020,Благоевград
021,Благоевград
022,Благоевград
023,Благоевград
024,Благоевград
025,Благоевград
026,Благоевград
027,Благоевград
028,Благоевград
029,Благоевград
030,Благоевград
031,Благоевград
032,Благоевград
033,Благоевград
034,Благоевград
035,Благоевград
036,Благоевград
037,Благоевград
038,Благоевград
039,Благоевград
040,Благоевград
041,Благоевград
042,Благоевград
043,Благоевград
044,Бургас
045,Бургас
046,Бургас
047,Бургас
048,Бургас
049,Бургас
050,Бургас
051,Бургас
052,Бургас
053,Бургас
054,Бургас
055,Бургас
056,Бургас
057,Бургас
058,Бургас
059,Бургас
060,Бургас
061,Бургас
062,Бургас
063,Бургас
064,Бургас
065,Бургас
066,Бургас
067,Бургас
068,Бургас
069,Бургас
070,Бургас
071,Бургас
072,Бургас
073,Бургас
074,Бургас
075,Бургас
076,Бургас
077,Бургас
078,Бургас
079,Бургас
080,Бургас
081,Бургас
082,Бургас
083,Бургас
084,Бургас
085,Бургас
086,Бургас
087,Бургас
088,Бургас
089,Бургас
090,Бургас
091,Бургас
092,Бургас
093,Бургас
094,Варна
095,Варна
096,Варна
097,Варна
098,Варна
099,Варна
100,Варна
101,Варна
102,Варна
103,Варна
104,Варна
105,Варна
106,Варна
107,Варна
108,Варна
109,Варна
110,Варна
111,Варна
112,Варна
113,Варна
114,Варна
115,Варна
116,Варна
117,Варна
118,Варна
119,Варна
120,Варна
121,Варна
122,Варна
123,Варна
124,Варна
125,Варна
126,Варна
127,Варна
128,Варна
129,Варна
130,Варна
131,Варна
132,Варна
133,Варна
134,Варна
135,Варна
136,Варна
137,Варна
138,Варна
139,Варна
140,Велико Търново
141,Велико Търново
142,Велико Търново
143,Велико Търново
144,Велико Търново
145,Велико Търново
146,Велико Търново
147,Велико Търново
148,Велико Търново
149,Велико Търново
150,Велико Търново
151,Велико Търново
152,Велико Търново
153,Велико Търново
154,Велико Търново
155,Велико Търново
156,Велико Търново
157,Велико Търново
158,Велико Търново
159,Велико Търново
160,Велико Търново
161,Велико Търново
162,Велико Търново
163,Велико Търново
164,Велико Търново
165,Велико Търново
166,Велико Търново
167,Велико Търново
168,Велико Търново
169,Велико Търново
170,Видин
171,Видин
172,Видин
173,Видин
174,Видин
175,Видин
176,Видин
177,Видин
178,Видин
179,Видин
180,Видин
181,Видин
182,Видин
183,Видин
184,Враца
185,Враца
186,Враца
187,Враца
188,Враца
189,Враца
190,Враца
191,Враца
192,Враца
193,Враца
194,Враца
195,Враца
196,Враца
197,Враца
198,Враца
199,Враца
200,Враца
201,Враца
202,Враца
203,Враца
204,Враца
205,Враца
206,Враца
207,Враца
208,Враца
209,Враца
210,Враца
211,Враца
212,Враца
213,Враца
214,Враца
215,Враца
216,Враца
217,Враца
218,Габрово
219,Габрово
220,Габрово
221,Габрово
222,Габрово
223,Габрово
224,Габрово
225,Габрово
226,Габрово
227,Габрово
228,Габрово
229,Габрово
230,Габрово
231,Габрово
232,Габрово
233,Габрово
234,Кърджали
235,Кърджали
236,Кърджали
237,Кърджали
238,Кърджали
239,Кърджали
240,Кърджали
241,Кърджали
242,Кърджали
243,Кърджали
244,Кърджали
245,Кърджали
246,Кърджали
247,Кърджали
248,Кърджали
249,Кърджали
250,Кърджали
251,Кърджали
252,Кърджали
253,Кърджали
254,Кърджали
255,Кърджали
256,Кърджали
257,Кърджали
258,Кърджали
259,Кърджали
260,Кърджали
261,Кърджали
262,Кърджали
263,Кърджали
264,Кърджали
265,Кърджали
266,Кърджали
267,Кърджали
268,Кърджали
269,Кърджали
270,Кърджали
271,Кърджали
272,Кърджали
273,Кърджали
274,Кърджали
275,Кърджали
276,Кърджали
277,Кърджали
278,Кърджали
279,Кърджали
280,Кърджали
281,Кърджали
282,Кюстендил
283,Кюстендил
284,Кюстендил
285,Кюстендил
286,Кюстендил
287,Кюстендил
288,Кюстендил
289,Кюстендил
290,Кюстендил
291,Кюстендил
292,Кюстендил
293,Кюстендил
294,Кюстендил
295,Кюстендил
296,Кюстендил
297,Кюстендил
298,Кюстендил
299,Кюстендил
300,Кюстендил
301,Кюстендил
302,Ловеч
303,Ловеч
304,Ловеч
305,Ловеч
306,Ловеч
307,Ловеч
308,Ловеч
309,Ловеч
310,Ловеч
311,Ловеч
312,Ловеч
313,Ловеч
314,Ловеч
315,Ловеч
316,Ловеч
317,Ловеч
318,Ловеч
319,Ловеч
320,Монтана
321,Монтана
322,Монтана
323,Монтана
324,Монтана
325,Монтана
326,Монтана
327,Монтана
328,Монтана
329,Монтана
330,Монтана
331,Монтана
332,Монтана
333,Монтана
334,Монтана
335,Монтана
336,Монтана
337,Монтана
338,Монтана
339,Монтана
340,Монтана
341,Монтана
342,Пазарджик
343,Пазарджик
344,Пазарджик
345,Пазарджик
346,Пазарджик
347,Пазарджик
348,Пазарджик
349,Пазарджик
350,Пазарджик
351,Пазарджик
352,Пазарджик
353,Пазарджик
354,Пазарджик
355,Пазарджик
356,Пазарджик
357,Пазарджик
358,Пазарджик
359,Пазарджик
360,Пазарджик
361,Пазарджик
362,Пазарджик
363,Пазарджик
364,Пазарджик
365,Пазарджик
366,Пазарджик
367,Пазарджик
368,Пазарджик
369,Пазарджик
370,Пазарджик
371,Пазарджик
372,Пазарджик
373,Пазарджик
374,Пазарджик
375,Пазарджик
376,Пазарджик
377,Пазарджик
378,Перник
379,Перник
380,Перник
381,Перник
382,Перник
383,Перник
384,Перник
385,Перник
386,Перник
387,Перник
388,Перник
389,Перник
390,Перник
391,Перник
392,Перник
393,Перник
394,Перник
395,Перник
396,Плевен
397,Плевен
398,Плевен
399,Плевен
400,Плевен
401,Плевен
402,Плевен
403,Плевен
404,Плевен
405,Плевен
406,Плевен
407,Плевен
408,Плевен
409,Плевен
410,Плевен
411,Плевен
412,Плевен
413,Плевен
414,Плевен
415,Плевен
416,Плевен
417,Плевен
418,Плевен
419,Плевен
420,Плевен
421,Плевен
422,Плевен
423,Плевен
424,Плевен
425,Плевен
426,Плевен
427,Плевен
428,Плевен
429,Плевен
430,Плевен
431,Плевен
432,Плевен
433,Плевен
434,Плевен
435,Плевен
436,Пловдив
437,Пловдив
438,Пловдив
439,Пловдив
440,Пловдив
441,Пловдив
442,Пловдив
443,Пловдив
444,Пловдив
445,Пловдив
446,Пловдив
447,Пловдив
448,Пловдив
449,Пловдив
450,Пловдив
451,Пловдив
452,Пловдив
453,Пловдив
454,Пловдив
455,Пловдив
456,Пловдив
457,Пловдив
458,Пловдив
459,Пловдив
460,Пловдив
461,Пловдив
462,Пловдив
463,Пловдив
464,Пловдив
465,Пловдив
466,Пловдив
467,Пловдив
468,Пловдив
469,Пловдив
470,Пловдив
471,Пловдив
472,Пловдив
473,Пловдив
474,Пловдив
475,Пловдив
476,Пловдив
477,Пловдив
478,Пловдив
479,Пловдив
480,Пловдив
481,Пловдив
482,Пловдив
483,Пловдив
484,Пловдив
485,Пловдив
486,Пловдив
487,Пловдив
488,Пловдив
489,Пловдив
490,Пловдив
491,Пловдив
492,Пловдив
493,Пловдив
494,Пловдив
495,Пловдив
496,Пловдив
497,Пловдив
498,Пловдив
499,Пловдив
500,Пловдив
501,Пловдив
502,Разград
503,Разград
504,Разград
505,Разград
506,Разград
507,Разград
508,Разград
509,Разград
510,Разград
511,Разград
512,Разград
513,Разград
514,Разград
515,Разград
516,Разград
517,Разград
518,Разград
519,Разград
520,Разград
521,Разград
522,Разград
523,Разград
524,Разград
525,Разград
526,Разград
527,Разград
528,Русе
529,Русе
530,Русе
531,Русе
532,Русе
533,Русе
534,Русе
535,Русе
536,Русе
537,Русе
538,Русе
539,Русе
540,Русе
541,Русе
542,Русе
543,Русе
544,Русе
545,Русе
546,Русе
547,Русе
548,Русе
549,Русе
550,Русе
551,Русе
552,Русе
553,Русе
554,Русе
555,Русе
556,Силистра
557,Силистра
558,Силистра
559,Силистра
560,Силистра
561,Силистра
562,Силистра
563,Силистра
564,Силистра
565,Силистра
566,Силистра
567,Силистра
568,Силистра
569,Силистра
570,Силистра
571,Силистра
572,Силистра
573,Силистра
574,Силистра
575,Силистра
576,Сливен
577,Сливен
578,Сливен
579,Сливен
580,Сливен
581,Сливен
582,Сливен
583,Сливен
584,Сливен
585,Сливен
586,Сливен
587,Сливен
588,Сливен
589,Сливен
590,Сливен
591,Сливен
592,Сливен
593,Сливен
594,Сливен
595,Сливен
596,Сливен
597,Сливен
598,Сливен
599,Сливен
600,Сливен
601,Сливен
602,Смолян
603,Смолян
604,Смолян
605,Смолян
606,Смолян
607,Смолян
608,Смолян
609,Смолян
610,Смолян
611,Смолян
612,Смолян
613,Смолян
614,Смолян
615,Смолян
616,Смолян
617,Смолян
618,Смолян
619,Смолян
620,Смолян
621,Смолян
622,Смолян
623,Смолян
624,София – град
625,София – град
626,София – град
627,София – град
628,София – град
629,София – град
630,София – град
631,София – град
632,София – град
633,София – град
634,София – град
635,София – град
636,София – град
637,София – град
638,София – град
639,София – град
640,София – град
641,София – град
642,София – град
643,София – град
644,София – град
645,София – град
646,София – град
647,София – град
648,София – град
649,София – град
650,София – град
651,София – град
652,София – град
653,София – град
654,София – град
655,София – град
656,София – град
657,София – град
658,София – град
659,София – град
660,София – град
661,София – град
662,София – град
663,София – град
664,София – град
665,София – град
666,София – град
667,София – град
668,София – град
669,София – град
670,София – град
671,София – град
672,София – град
673,София – град
674,София – град
675,София – град
676,София – град
677,София – град
678,София – град
679,София – град
680,София – град
681,София – град
682,София – град
683,София – град
684,София – град
685,София – град
686,София – град
687,София – град
688,София – град
689,София – град
690,София – град
691,София – град
692,София – град
693,София – град
694,София – град
695,София – град
696,София – град
697,София – град
698,София – град
699,София – град
700,София – град
701,София – град
702,София – град
703,София – град
704,София – град
705,София – град
706,София – град
707,София – град
708,София – град
709,София – град
710,София – град
711,София – град
712,София – град
713,София – град
714,София – град
715,София – град
716,София – град
717,София – град
718,София – град
719,София – град
720,София – град
721,София – град
722,София – окръг
723,София – окръг
724,София – окръг
725,София – окръг
726,София – окръг
727,София – окръг
728,София – окръг
729,София – окръг
730,София – окръг
731,София – окръг
732,София – окръг
733,София – окръг
734,София – окръг
735,София – окръг
736,София – окръг
737,София – окръг
738,София – окръг
739,София – окръг
740,София – окръг
741,София – окръг
742,София – окръг
743,София – окръг
744,София – окръг
745,София – окръг
746,София – окръг
747,София – окръг
748,София – окръг
749,София – окръг
750,София – окръг
751,София – окръг
752,Стара Загора
753,Стара Загора
754,Стара Загора
755,Стара Загора
756,Стара Загора
757,Стара Загора
758,Стара Загора
759,Стара Загора
760,Стара Загора
761,Стара Загора
762,Стара Загора
763,Стара Загора
764,Стара Загора
765,Стара Загора
766,Стара Загора
767,Стара Загора
768,Стара Загора
769,Стара Загора
770,Стара Загора
771,Стара Загора
772,Стара Загора
773,Стара Загора
774,Стара Загора
775,Стара Загора
776,Стара Загора
777,Стара Загора
778,Стара Загора
779,Стара Загора
780,Стара Загора
781,Стара Загора
782,Стара Загора
783,Стара Загора
784,Стара Загора
785,Стара Загора
786,Стара Загора
787,Стара Загора
788,Стара Загора
789,Стара Загора
790,Добрич (Толбухин)
791,Добрич (Толбухин)
792,Добрич (Толбухин)
793,Добрич (Толбухин)
794,Добрич (Толбухин)
795,Добрич (Толбухин)
796,Добрич (Толбухин)
797,Добрич (Толбухин)
798,Добрич (Толбухин)
799,Добрич (Толбухин)
800,Добрич (Толбухин)
801,Добрич (Толбухин)
802,Добрич (Толбухин)
803,Добрич (Толбухин)
804,Добрич (Толбухин)
805,Добрич (Толбухин)
806,Добрич (Толбухин)
807,Добрич (Толбухин)
808,Добрич (Толбухин)
809,Добрич (Толбухин)
810,Добрич (Толбухин)
811,Добрич (Толбухин)
812,Добрич (Толбухин)
813,Добрич (Толбухин)
814,Добрич (Толбухин)
815,Добрич (Толбухин)
816,Добрич (Толбухин)
817,Добрич (Толбухин)
818,Добрич (Толбухин)
819,Добрич (Толбухин)
820,Добрич (Толбухин)
821,Добрич (Толбухин)
822,Търговище
823,Търговище
824,Търговище
825,Търговище
826,Търговище
827,Търговище
828,Търговище
829,Търговище
830,Търговище
831,Търговище
832,Търговище
833,Търговище
834,Търговище
835,Търговище
836,Търговище
837,Търговище
838,Търговище
839,Търговище
840,Търговище
841,Търговище
842,Търговище
843,Търговище
844,Хасково
845,Хасково
846,Хасково
847,Хасково
848,Хасково
849,Хасково
850,Хасково
851,Хасково
852,Хасково
853,Хасково
854,Хасково
855,Хасково
856,Хасково
857,Хасково
858,Хасково
859,Хасково
860,Хасково
861,Хасково
862,Хасково
863,Хасково
864,Хасково
865,Хасково
866,Хасково
867,Хасково
868,Хасково
869,Хасково
870,Хасково
871,Хасково
872,Шумен
873,Шумен
874,Шумен
875,Шумен
876,Шумен
877,Шумен
878,Шумен
879,Шумен
880,Шумен
881,Шумен
882,Шумен
883,Шумен
884,Шумен
885,Шумен
886,Шумен
887,Шумен
888,Шумен
889,Шумен
890,Шумен
891,Шумен
892,Шумен
893,Шумен
894,Шумен
895,Шумен
896,Шумен
897,Шумен
898,Шумен
899,Шумен
900,Шумен
901,Шумен
902,Шумен
903,Шумен
904,Ямбол
905,Ямбол
906,Ямбол
907,Ямбол
908,Ямбол
909,Ямбол
910,Ямбол
911,Ямбол
912,Ямбол
913,Ямбол
914,Ямбол
915,Ямбол
916,Ямбол
917,Ямбол
918,Ямбол
919,Ямбол
920,Ямбол
921,Ямбол
922,Ямбол
923,Ямбол
924,Ямбол
925,Ямбол
926,Another/Unknown
927,Another/Unknown
928,Another/Unknown
929,Another/Unknown
930,Another/Unknown
931,Another/Unknown
932,Another/Unknown
933,Another/Unknown
934,Another/Unknown
935,Another/Unknown
936,Another/Unknown
937,Another/Unknown
938,Another/Unknown
939,Another/Unknown
940,Another/Unknown
941,Another/Unknown
942,Another/Unknown
943,Another/Unknown
944,Another/Unknown
945,Another/Unknown
946,Another/Unknown
947,Another/Unknown
948,Another/Unknown
949,Another/Unknown
950,Another/Unknown
951,Another/Unknown
952,Another/Unknown
953,Another/Unknown
954,Another/Unknown
955,Another/Unknown
956,Another/Unknown
957,Another/Unknown
958,Another/Unknown
959,Another/Unknown
960,Another/Unknown
961,Another/Unknown
962,Another/Unknown
963,Another/Unknown
964,Another/Unknown
965,Another/Unknown
966,Another/Unknown
967,Another/Unknown
968,Another/Unknown
969,Another/Unknown
970,Another/Unknown
971,Another/Unknown
972,Another/Unknown
973,Another/Unknown
974,Another/Unknown
975,Another/Unknown
976,Another/Unknown
977,Another/Unknown
978,Another/Unknown
979,Another/Unknown
980,Another/Unknown
981,Another/Unknown
982,Another/Unknown
983,Another/Unknown
984,Another/Unknown
985,Another/Unknown
986,Another/Unknown
987,Another/Unknown
988,Another/Unknown
989,Another/Unknown
990,Another/Unknown
991,Another/Unknown
992,Another/Unknown
993,Another/Unknown
994,Another/Unknown
995,Another/Unknown
996,Another/Unknown
997,Another/Unknown
998,Another/Unknown
999,Another/Unknown
TEST,TEST
